{
    "Name": "Deep Dungeon Score",
    "InternalName": "DeepDungeonScore",
    "Author": "Custom",
    "Description": "Tracks trap‑induced debuffs and deaths in Palace of the Dead and Heaven‑on‑High, awarding points to the player who causes them. Displays an in‑game scoreboard.",
    "Version": "1.0.0.0",
    "DalamudApiLevel": 14,
    "ApplicableVersion": "any",
    "LoadPriority": 0,
    "Punchline": "Find out who stepped on that trap!",
    "RepoUrl": "",    
    "AssemblyVersion": "1.0.0.0"
}